HLA-DPA1,9.228695441804405e-22
HLA-DPB1,2.4971003909913113e-21
HLA-DRA,3.688358022677783e-20
HLA-DRB1,1.0318016545583803e-19
CST3,2.566367274334205e-19
CD74,4.309573186192607e-19
HLA-DQA1,1.9085345894058585e-18
HLA-DRB5,3.5515033737258976e-18
FCER1A,8.079994867849605e-18
HLA-DMA,4.6790436701223134e-15
HLA-DQB1,9.458789415548494e-15
LYZ,5.121169245375517e-14
AP1S2,1.7757846552251537e-13
GRN,2.0801104649376613e-13
GPX1,2.115427211775956e-13
HLA-DQA2,2.676296431231791e-13
VIM,6.350946794671289e-13
CLEC10A,9.852515955741297e-13
GSTP1,1.3187567342593926e-12
LSP1,6.794149366205591e-12
HLA-DMB,1.2100842817125184e-11
CPVL,3.872424062655665e-11
LGALS1,7.532241982838663e-11
GABARAP,1.7999556157189165e-10
LGALS2,2.460361013009523e-10
ANXA2,3.101396623802008e-10
H2AFY,4.340112405528477e-10
CTSH,1.096071702489049e-09
ACTB,2.543590333471674e-09
TYMP,2.8770234084846532e-09
GAPDH,4.026132830905028e-09
FCER1G,6.439708095742861e-09
RNASE6,8.629167996290222e-09
AP2S1,1.0395424972532357e-08
SPI1,1.3238511796564564e-08
SRGN,1.6904912720148745e-08
FCGRT,2.0369109762688312e-08
CAPG,2.6188283679437546e-08
COTL1,3.004885850067845e-08
ARPC1B,3.4522322303587e-08
TAGLN2,6.398773996114743e-08
FTH1,8.37270725635353e-08
TMSB10,8.85802029262896e-08
EIF4A1,9.156743142480876e-08
AMICA1,9.876615901761175e-08
LST1,1.0238667705904405e-07
TYROBP,1.0293160997075351e-07
RNF130,1.045833047322977e-07
CD33,1.3204127381408527e-07
PYCARD,1.3219585348156957e-07
IGSF6,1.5349636937165995e-07
ACTG1,2.6475739487423696e-07
S100A10,3.0066676646491185e-07
RPS11,3.4749952265716143e-07
CD1C,3.5445303797634677e-07
SLC25A6,3.8125997708261185e-07
PGLS,4.226683243737899e-07
LAMTOR1,5.125486246439921e-07
CFP,6.553683901849254e-07
MS4A6A,7.179492529999877e-07
LAP3,7.849715019788118e-07
LGALS9,8.130768669501641e-07
RNH1,9.698341707282909e-07
CEBPD,1.0616314301997632e-06
RAC1,1.5434908213781671e-06
PLD4,1.667193004536407e-06
KLF4,1.7251807266043614e-06
AIF1,1.731639477098684e-06
IL1B,1.9876412305355888e-06
PHACTR1,2.0024679350583285e-06
SPINT2,2.3718169420009205e-06
MYL6,3.573633714581379e-06
S100A11,3.730648088846282e-06
LY86,3.834347438951523e-06
PRELID1,4.547256480176069e-06
IFI30,4.850675764139034e-06
SAMHD1,5.221185453372232e-06
ARF5,5.64736187560484e-06
SH3BGRL3,6.628449906032051e-06
GSN,7.529451556008928e-06
TUBA1B,8.073148786923974e-06
CYBA,8.138088841851028e-06
ENHO,9.801428577442522e-06
PFN1,1.0279418954970355e-05
RGS2,1.1956070810713255e-05
ALDH2,1.2350454187868315e-05
MNDA,1.2570773735234327e-05
PPIA,1.3093112015646916e-05
POMP,1.3736515730130214e-05
BID,1.5783484384372217e-05
RNASET2,1.8198120885618346e-05
TGFBI,2.201127539468139e-05
SRSF7,2.465692299946173e-05
SYK,2.4680386899068953e-05
ATP5B,3.202052606663188e-05
LAMTOR2,3.241368068718381e-05
SERPINF1,3.265789686469216e-05
ANXA5,3.4336586494404994e-05
C1orf162,3.619823074360088e-05
BST2,3.89987454818772e-05
CFL1,4.106112761488904e-05
CD1D,4.1175505432464895e-05
GNB2,4.539556101113519e-05
VAMP8,4.839631095773546e-05
CYC1,4.877595662369334e-05
APEX1,5.004662081688805e-05
NCF2,5.412369528610413e-05
ARPC3,5.4870662448314216e-05
CSTB,5.5172175299016595e-05
ZFP36,5.62912055446453e-05
S100A6,5.964295684676905e-05
CLIC1,6.539579109817405e-05
COX5B,6.545499856089512e-05
COPE,6.950817375629265e-05
RGS1,7.353306130714948e-05
ATG3,8.159409291384947e-05
TNFSF13B,8.798444739750609e-05
OAZ1,9.301217518658274e-05
ATP5G3,9.620040122919602e-05
CNPY3,9.879002055200767e-05
YIF1B,0.000101804444351984
SAT1,0.00010449004134306898
HLA-DQB2,0.0001063018214159035
PPA1,0.00011530734280784737
CCDC50,0.00011688503669951374
LCP1,0.00012089236060723494
CCDC88A,0.00012410437274280064
ARF3,0.00012645561840810249
RAB7A,0.00012645561840810249
ATP5C1,0.00013329924350415263
GNG5,0.00013616868284894806
SULF2,0.00014067361352980862
TPP1,0.00014116233859476932
TPM4,0.00014300933719056305
BLVRB,0.0001468353109304117
ID1,0.0001483668667804511
EIF3L,0.00016998735727935164
COX8A,0.00018048446291090065
SAT2,0.00021007704474054412
RPL23,0.0002283003329762505
CD302,0.0002466519217666189
FIBP,0.00025019094693208766
TSPO,0.0002515566465592561
NPC2,0.00025957319053255054
LGALS3,0.0002607688971876859
RPS6KA4,0.00026372574422975045
ID2,0.0002642767462855855
VPS29,0.00026805227873892253
ATP5J2,0.00027438121778042155
FTL,0.0002800336572600393
FDFT1,0.0002888970630546314
ZNF385A,0.00029058040332173715
SEC61B,0.0002940965936585921
FGR,0.00030050148724353334
EIF3K,0.0003166975391649664
PLSCR1,0.00036298016361337035
DDIT4,0.00037397138245183866
AKR1A1,0.0003914410593314722
ACAA1,0.0004170473285626728
CD86,0.00042765198855322856
ATP5G2,0.0004598836085478108
FAM26F,0.00048455652103481797
YWHAE,0.0005151746655941346
RHOG,0.0005207615909565529
CTSB,0.0005240989552645457
TMEM219,0.0005346571327211729
GSTO1,0.0005608107321487194
IGFLR1,0.0005942370834831665
PABPC1,0.0006140573127965326
SNX3,0.0006181920440936911
EIF4E2,0.0006218618346007794
NDUFAB1,0.0006395088255609221
H3F3A,0.0006641108676322225
TNFAIP2,0.0006735613891793416
SDHB,0.0007129061432235025
LILRB4,0.0007263940935040558
RGS10,0.000737814736316899
CTSZ,0.000756140922867069
PSAP,0.0007599747442346308
OSTC,0.0007909945416016387
ATP5A1,0.0008077230088249332
FUOM,0.0008266948909641386
IFITM3,0.0008331101621597836
ZNHIT1,0.0008343987452870092
FKBP1A,0.0008542801151360212
NDUFS6,0.0008569198499931912
EPSTI1,0.0009254229531755347
RNF181,0.000933260362775448
PTPRE,0.00094839371561426
SUMO3,0.000973006266037045
SNRPD1,0.0009741220350677059
CSF2RA,0.0010016403311772996
MRPL23,0.0010947747953789701
CASP1,0.0011131577271121602
MX1,0.0011203363483944734
UQCRFS1,0.0011590591087325159
C1orf43,0.0011855575084497826
UBL7,0.001202176042971802
DCXR,0.0012139823881752076
SUPT4H1,0.001224055926817557
TPI1,0.0012245156441211727
MLF2,0.0012651269788657806
ERCC1,0.00135464024049772
PQBP1,0.0013878159266651913
C17orf62,0.0014122695065697441
RAB32,0.0014618310896573638
ITGB2,0.0015491507562733387
CACNA2D3,0.001570416861723506
TKT,0.0016539455036007843
S100A9,0.0016994009638869741
C19orf70,0.0017358284108183338
NDUFS3,0.001742817543628493
PSMB3,0.001746640695065396
SERPINB6,0.0017671613891100733
ETFA,0.0018101870401777704
GDI2,0.0018394034317354808
BRK1,0.00194158848704645
UQCR10,0.002018157169856017
CHCHD2,0.0020254528957044955
NAGK,0.0020335061412957377
SLC25A5,0.0020944714873606983
AKIRIN2,0.0021271069285956974
SUB1,0.002169529514254982
VASP,0.0021726448474609235
DNAJC15,0.0023014938247713523
ATP6V1E1,0.0023221178480371247
TIMP1,0.002385009658395405
NDUFS8,0.0023986267833158285
YBX1,0.0024459802429224356
NFKBIA,0.0024468490792222282
PRDX3,0.0024686619851232356
EID1,0.0024968421156073253
AURKAIP1,0.002505708572317335
ATP6V1F,0.002522634236842415
VKORC1,0.0025450641791821757
RGS19,0.0025486698498269865
OS9,0.00274176507403276
C16orf13,0.0027884085298699197
SPG21,0.0027962525275253745
CD63,0.002836770225500248
ANXA1,0.00286776066323934
C19orf10,0.00287782331673138
TPGS1,0.002925550921703627
DECR1,0.0031140102753995803
FOSB,0.0031774094304514527
CSF3R,0.0032713159349083355
NDUFV3,0.0033008905393244665
UFC1,0.003331860215942404
TALDO1,0.003335317576003586
HMGN3,0.003431093104772257
C17orf49,0.0035124082470733304
TMED10,0.003524513152206665
SEC11A,0.0035512776614714165
WDR61,0.0035561637552226923
ODF3B,0.0036277027233903147
GADD45B,0.003641417204648783
GNB1,0.0036803211545724484
DRAP1,0.003686631258599664
SEMA4A,0.0037106994640598726
CHMP4B,0.0037669857200768814
HERPUD1,0.0037669857200768814
EFHD2,0.0037721409368232455
C11orf31,0.003796715887338696
CDKN1A,0.003829272998857263
SDHD,0.003838434336290794
DNAJC4,0.003852870963660078
ALKBH7,0.003862083573917583
COX4I1,0.0039204510869119465
CHPT1,0.003994536668138737
BLOC1S1,0.004105960450174114
RPL39,0.004118513403032005
ISG15,0.004142319595425082
YWHAH,0.004147939166895338
ABI3,0.004174726709588465
APH1A,0.004238798024228007
SLC25A3,0.00429069578153316
DEK,0.004321234895048852
NDRG2,0.004363731963868866
EIF6,0.0043902996496059865
EIF4EBP1,0.004499555935843779
MYADM,0.004501069551575847
COX6A1,0.004502583628597761
DDAH2,0.004554337595730266
PLBD1,0.004563526384006996
IRF7,0.0045834930567434035
CYCS,0.004642311657228175
SEC13,0.004662590174921988
ARRB2,0.004863331702742192
GLIPR1,0.00488611226536068
BASP1,0.004922105371551479
C1QBP,0.005031528158542386
URM1,0.0051329068664834115
C7orf50,0.005153402783666871
RASSF4,0.005208420637674081
PSMA4,0.0052274552440387525
LDHA,0.005309494842631347
HSPE1,0.005378451117406483
HAVCR2,0.005419495707493939
MYEOV2,0.005487928416450932
IFI44L,0.005610488427055651
MOB1A,0.005610488427055651
CLTA,0.005662435128168137
BZW2,0.005758168322498611
NME1,0.005832358195490273
COX6B1,0.005872662519077183
OXA1L,0.006077974575133005
PPT1,0.00614984180680578
GNAS,0.006281542821695616
ADRM1,0.006285635120764667
RNF5,0.00658666324388448
ARL4C,0.006616610519016532
SSR3,0.006631630020068204
ATP5D,0.006814270051680826
UQCRH,0.006880586072236408
TUBA1A,0.007092147371393093
NANS,0.007131026167332796
CCT4,0.007144793709927383
MBOAT7,0.00720010279878443
IFI6,0.00724183647940274
NDUFA8,0.007288461734504703
COMT,0.007482454042061363
XAF1,0.0075040254182001925
UBE2L6,0.007622450826686913
NENF,0.007651707160115809
FAM49B,0.00767126725871337
PSMD8,0.007787090560472997
HEXA,0.00781442338844469
CALM2,0.00797516237303003
GNB2L1,0.008095083983916649
FGL2,0.008097652952933698
TCF25,0.008120806535843305
TRAPPC1,0.008177653849677781
MSN,0.00825836138458538
SH3BGRL,0.008276684011459137
THRAP3,0.008395343293965298
CAPN2,0.00844589908828976
AHNAK,0.008515521879590383
CTSS,0.008615485254066023
PLEKHO1,0.008752237113088366
FAM105A,0.008757747308779535
PPM1G,0.008927304317310848
PKM,0.009054260375979877
RBM17,0.009188577651040242
RNF7,0.00920873378809422
H2AFJ,0.009333418063155161
CAT,0.00940366229377589
TIMM13,0.009602263158448164
BAG1,0.00972260573823577
HLA-DOA,0.009758969716812253
APOBR,0.00978023796977668
H3F3B,0.00989641655497584
UNC93B1,0.010154460339206176
AOAH,0.010154460339206176
MED28,0.010176494588913813
ATF4,0.010284124717767634
RPS2,0.010383139875133958
NDUFS4,0.010499189080621762
FAM173A,0.01051215439787804
CHCHD5,0.01051864239593977
TMED9,0.010564158206415871
REL,0.01070505404294906
HSH2D,0.010714946052888788
MRPL41,0.010810988624164125
PPIB,0.010827624812648212
RTFDC1,0.010827624812648212
ENO1,0.010837617444996974
ACTR2,0.010921208670747098
COX5A,0.011268229032947512
LMO2,0.011288943603721353
MRPS25,0.011288943603721353
NME1-NME2,0.011413942573140967
USF2,0.011646301673959652
RPS6KA1,0.011749719207083528
NAMPT,0.011771217356914866
CLNS1A,0.011810721258439197
PHPT1,0.011814318345784731
SNW1,0.01200271087476968
TAF10,0.012061211158115759
BRD2,0.012086884404707248
NHP2,0.012112606074622131
MPC2,0.01212364448993904
FES,0.01213100838546358
TOMM22,0.012160503622270615
SEP15,0.012175275058632968
TMEM208,0.012178970401193524
FKBP3,0.012264238034475702
TMEM230,0.012492949449732166
NDUFV2,0.012500511712380778
CSF1R,0.012702394222320978
MYO1F,0.012702394222320978
ILF3,0.01273696131628484
NIPSNAP3A,0.01277932302963535
GPX4,0.012794758174243996
ADI1,0.01287994672306326
PDCD6,0.012981270792283985
FCN1,0.013333468901770638
SRSF9,0.013441972497531922
PFDN2,0.013458113291040701
SPATS2L,0.013567512326856825
PAK1,0.01368998760682765
NAPA,0.013718705297146397
PDIA6,0.013904592681729255
IRF8,0.014105320241880758
CHMP1B,0.014198171928391365
LINC00493,0.014210875215842984
MX2,0.014300079354207827
MRPL55,0.014351274614003555
C20orf24,0.014411206686558724
TMEM205,0.014701090708253404
SAMD9L,0.015206150934374189
NDUFB5,0.015300836902702524
CYTH4,0.015305358677260216
CD83,0.015332514037752081
PSMD7,0.015441560079715783
JOSD2,0.015597210267577339
MGST2,0.015615612507016492
CMTM3,0.015782094138405256
HNRNPA0,0.01587058725838385
CFDP1,0.0159313863241003
EMC8,0.015987690220017083
NR4A2,0.016171887941061162
UPK3A,0.01622417723169474
NR4A1,0.016228938163019405
C10orf54,0.01627184182325129
SLC31A2,0.01627184182325129
HSD17B10,0.01636274364729645
COMMD9,0.0166478676754627
MDH2,0.016667355086293526
RAD50,0.016701506255599314
ANP32A,0.016716161268956628
TRIM33,0.016755296515342136
PHB,0.01694723492350822
HCK,0.017041440448781753
ZYX,0.017091206623411972
HNRNPC,0.017276451889363133
MCL1,0.017417805771650537
CYSTM1,0.017504121660999215
S100A4,0.017636859579553535
LILRB2,0.017734417515629857
YIF1A,0.017796276428651506
SMIM12,0.01780143986207411
REPIN1,0.017863503529443856
PSMB4,0.017941349650971744
ZSWIM7,0.018092695186967513
NDUFV1,0.018113657934988547
APIP,0.018176673852195617
CSNK2B,0.018361568019090314
ZNF593,0.018420016637115202
PLP2,0.018687749297600652
MAGEF1,0.018795791907296758
ETHE1,0.018997111732276167
FKBP5,0.01907926346392481
FMNL1,0.019134203678872617
SCNM1,0.01917825537451405
SCIMP,0.019322036194213212
BTK,0.019416555247179668
MAP3K11,0.01946675810620894
NAA10,0.019489106864724902
CRTAP,0.019612426137237692
IGFBP7,0.01978735080116454
CKLF,0.01981569166964441
MRPL11,0.0199750564067251
AAMP,0.0199750564067251
MYCL,0.02012978793128529
DR1,0.020250856801342344
RBM42,0.020297145110806835
NUP214,0.020641381021987357
C12orf45,0.02065901973335278
CMPK2,0.020676671585022354
ALDOA,0.020759220870802963
TPM3,0.020824282427775374
TBCB,0.020954938929661788
SERP1,0.020954938929661788
ACYP2,0.020984733026168968
IL6R,0.02099069627319739
HEXB,0.02099069627319739
DUSP23,0.021056389511583586
CD68,0.021200342301111612
TOMM40,0.02127263963467837
CPSF6,0.02127867409427465
GAPT,0.021387549600957526
CTNNBIP1,0.021430020904898036
ATP5G1,0.021460402496142946
BLNK,0.02152127820755395
GNAI2,0.021933036931054382
INPP5D,0.0219888667070677
TMEM14C,0.02216335072283452
COA5,0.022307576476907377
GTF2A2,0.022339037668874746
CAPNS1,0.022389455822205723
C9orf89,0.022515934242708337
HIGD2A,0.02253495947134943
C10orf11,0.022802783450312288
C10orf128,0.02295706398481092
CD4,0.022989319643286252
MRPL14,0.023320582210343332
NCKAP1L,0.023366371488445264
MPEG1,0.023471325850608397
SMARCB1,0.023801949622553806
RAB11A,0.023855222615414236
GNA15,0.023908598999556
NAPRT1,0.024163553721552197
CAPZA2,0.02428514221197128
PTRHD1,0.02430545843555105
MRPL21,0.02444808492191184
FAM133B,0.025081506150498097
SNX5,0.025123305326475373
HAUS1,0.025200093786019343
ATP6V0B,0.025319166441670156
MRPL9,0.02532618585384787
BABAM1,0.02533320695010664
TRAPPC3,0.025368337703930655
STK32C,0.025622525884336174
MTDH,0.025864612497670976
UQCRC1,0.025886067730374288
ARPC2,0.02596486863364861
MT-CO1,0.025979218331127044
CANX,0.02613751806985061
C14orf2,0.026209747675742266
WARS,0.02632567386891512
IFNAR1,0.02642018988950548
RAB22A,0.02655154216108687
GUSB,0.02669815038180245
ERGIC3,0.026808564864649644
TOP1,0.026889785884526535
BRI3,0.026934177742409186
MAP4K1,0.02710493315771263
CLIC2,0.027441723664399325
MT-ND5,0.02772133887136685
TMEM55B,0.027980445324312004
PSMA1,0.02808006572160087
HNRNPD,0.02836527559638569
AKR7A2,0.028473841843003316
PRPF40A,0.02882523248026062
GTF3C6,0.028880227446159753
SYNGR2,0.02906156164497085
DYNLL1,0.029077376047176088
NECAP1,0.029109027072566882
CBR1,0.02911694446028346
IFI44,0.029180350307180192
TACC1,0.029267727331911943
PMAIP1,0.029411193521735213
RAB31,0.029764437861632465
MYD88,0.030039892225736924
CPPED1,0.030088728577119313
SEC61G,0.03012947764495664
DHRS4L2,0.0301457905465676
MRPL15,0.03040783104715297
SSB,0.030432497365243363
EIF4A3,0.030490118958953812
KCNK6,0.030663546352951127
FAM118A,0.030688390716268086
RTN4,0.03092110616277912
PRCP,0.031029666555526005
THEMIS2,0.03103803088859612
GALK1,0.031079881587952662
H2AFV,0.031138553926249642
IDH3G,0.03126460051330604
RIN3,0.03129828678349517
PSMB10,0.03133200419037028
HBS1L,0.03145872216259885
LINC00152,0.03148411844309747
LAMTOR5,0.031594372310442015
LAT2,0.03160286707608569
BHLHE40,0.031721999625737234
LAMTOR4,0.03189285688692137
PRKCD,0.032098926438807
FERMT3,0.03220238844550494
FBXO6,0.032340782224542425
POU2F2,0.032384134651312374
YBX3,0.03246229448939738
BRE,0.032584197642109056
SNRPC,0.032627829399714606
GCA,0.032654032464900666
RAB4B,0.032881881561628704
MRPS15,0.033075738784965884
HMGA1,0.03320847432561984
RPS9,0.03320847432561984
ITM2C,0.033270573416731425
SSNA1,0.03339506974560163
IDH2,0.03358256146372214
OAZ2,0.03364525845916506
PSME2,0.033879010253019835
PON2,0.033879010253019835
CLEC4A,0.034223144471465614
APLP2,0.03425043974837978
MAP7D1,0.03433243723131679
LMNA,0.03449693551889529
EI24,0.03449693551889529
ESD,0.03457026172554635
STXBP2,0.034929636485935105
ATP2B1,0.03503157350199122
HHEX,0.035357609834373666
SERBP1,0.03571452049462712
PGAM1,0.03579950063906994
GRINA,0.03591307570955924
ATP6AP1,0.03601745596660654
EZR,0.0361602094572738
LRRC25,0.03633215004740004
LGMN,0.03667812231815294
MLEC,0.036794068353872125
KIAA0930,0.036871539031547516
NDUFS7,0.03690062633035782
TRMT112,0.03694914858913044
TXN2,0.037124278866596236
MPST,0.037221878489061465
C19orf53,0.03723165045433732
PTPN18,0.037300115380686207
SET,0.03737849220835677
C4orf48,0.03743736677791948
TWF2,0.03748648918930973
EIF3I,0.037782376970138566
PRKCSH,0.037861615111045306
CNPPD1,0.037901287160816984
NDUFA11,0.038090212582913806
P2RY13,0.03826993267146733
HM13,0.03849056911535702
ARL5A,0.038500623680179924
PSMB1,0.0386113713030505
TMEM109,0.03874260377468903
MIR142,0.038965552852145
KLF10,0.03909780704058766
MIR24-2,0.039118187638052124
TMEM179B,0.03916917860869681
FAM120A,0.03921001201531633
HEBP2,0.03934297032015954
RBM3,0.03937370730778603
TRIM22,0.03945577229624906
ZNF706,0.03965125876242114
LINC00936,0.039909729658777156
SNRPG,0.04000312846417241
PSMB5,0.04002390891681231
EIF3M,0.04021134541080504
SNRPE,0.040232217568845055
IL13RA1,0.040378580097327
NRROS,0.04039952584157792
PFKL,0.040483400971042464
VCL,0.040567423692663244
SLC39A3,0.04075701547452579
NDUFA1,0.040820379388421466
RBM39,0.04102158282415579
C19orf38,0.04115973195012441
SCAMP4,0.041212971073301345
UBE2E2,0.04122362589490734
NUTF2,0.041244942538195696
ECHDC1,0.04149075574463004
PPP1R14B,0.04204024781183819
SRSF11,0.0423990731409516
ISOC2,0.0424536659629451
TLN1,0.04260684225428981
MTMR14,0.04287051751037395
C11orf48,0.042892552581224354
SFT2D1,0.04329082398482909
COX7A2L,0.04343541006001506
OLA1,0.043558070563417796
KPNA2,0.043558070563417796
PLD3,0.04359157416343336
ITGB7,0.04389408721924361
WSB1,0.04411931210676279
FAM46A,0.044334178537498915
OTUB1,0.04459546087861515
SRP72,0.04476656134414781
CD300A,0.044961144245656275
PLIN3,0.04500703196617553
DAPP1,0.045029990631676654
GLUD1,0.045306265734376225
MTPN,0.04550282391979821
ZDHHC12,0.04579318524536458
IMPDH2,0.04628450590176616
PPP1R14A,0.04628450590176616
RPS24,0.0462962578988885
TIAL1,0.04635505557591618
ADSL,0.04637859224355535
NDUFA10,0.04656724802036213
SF3B4,0.046756549294397313
VBP1,0.047089384712894804
UBE2I,0.047089384712894804
ORAI3,0.04711323474262219
RAB5C,0.04712516356730256
DNTTIP1,0.047160965285454534
WDR83OS,0.047256548395072165
COMMD3,0.04759237324545262
YWHAB,0.047736911146968285
TMEM167A,0.04774897260920162
BLOC1S2,0.04786972817786625
SLC35B1,0.04790600485722553
ILF2,0.04802709401965885
FKBP2,0.04809987088810846
SNRPB,0.04819705082732745
ARHGAP30,0.04823353580483708
HGSNAT,0.04846514651523345
PAFAH1B1,0.048489580834893874
COPS8,0.04853848051195231
MRPL34,0.04858742159435761
HCLS1,0.048746766382641006
RBPJ,0.04889424307237996
PAIP1,0.04947547111269707
PAK2,0.049649719191535824
PSMB2,0.049674653740963845
STK38L,0.04992457735835452
ARMC10,0.05025105342441873
PSMD4,0.05037709670954244
PSMG3,0.050402337133443186
RPL4,0.050617308907068025
MRPS22,0.050731428133521744
LSM10,0.050807627292288694
ICT1,0.05138218213019119
C9orf142,0.05139501153608265
UCP2,0.05151059689577448
CTA-29F11.1,0.05157490493969933
GLO1,0.05171661916941678
COMMD1,0.05176823233549515
CALR,0.05178114235910078
SH3BP2,0.05180697048770911
MRPL3,0.052026945074656446
IDH3A,0.052026945074656446
CD300C,0.052052875727406286
ATP5F1,0.05216969747883006
ZNF511,0.05250841487062183
TXNDC17,0.0527177687399262
DBI,0.05303310735048527
BAZ1A,0.05311218779005762
GAS6,0.053548893203464176
ARPC5,0.05381501953025862
NUDC,0.054229696766102196
UPF3B,0.05428339721071954
PER1,0.05437747975140483
SLIRP,0.05480930549145601
UCHL3,0.054849935362049504
LARP7,0.054904147587682854
COX14,0.0554213954428989
HNRNPA3,0.055476078042620815
RP6-91H8.3,0.0555308055942407
ATRAID,0.055571880773802054
C9orf16,0.05579137616455364
STAC3,0.05586011639888699
M6PR,0.056551406645516264
GNL2,0.05676017694650072
SON,0.056899713137590374
TM9SF2,0.05701154747503368
DYNC1LI1,0.05703953461316287
TMEM69,0.057221729725815365
HADHB,0.05744663407534586
HSCB,0.057714662178922134
TIMMDC1,0.057771221409014334
MTCH1,0.05821111939135562
PPP1R15A,0.05832509212381091
NUP210,0.05869678446902679
FDX1,0.0587971908864244
TMEM55A,0.05881154629521123
PPP2R3C,0.05886899703452567
ENSA,0.059027226863894305
LUC7L3,0.05904162888352176
ETV6,0.059359212015605706
TAF9,0.05953303582238039
SCAMP2,0.05953303582238039
RNF166,0.05953303582238039
RPN1,0.059765457624692576
IMPA2,0.06046724287208426
GRHPR,0.060496631523153564
CCT8,0.060673212136624355
PPP3R1,0.06092409893000004
TMEM258,0.06101285215334034
PMF1,0.06105726891260967
ARHGEF40,0.06108689496277276
RPL8,0.06111653291877908
EAF2,0.06130947007396766
FLYWCH2,0.06132433226174724
DDT,0.06135406558764229
AP2M1,0.061413568052754455
FCHO1,0.0617715870542633
ZBTB7A,0.06201122478917573
CNDP2,0.06278020923744694
FABP5,0.0628256880754012
C21orf2,0.06305349102907683
ARHGAP4,0.06349584615524112
CORO1B,0.06374099971141085
CD164,0.06384849997083579
NDUFC2,0.06392537751090598
PARK7,0.0640177314487596
IFI16,0.0642799994205713
ATF3,0.06516584898975923
PSENEN,0.06543199074470243
TATDN3,0.06544767401191706
DCTN6,0.06557325176386136
MRPL27,0.06566756538514927
ASF1A,0.06595117739671544
POLR2E,0.06633089624335575
STRAP,0.06644198621819476
DUSP2,0.06660095198254952
DNAJB12,0.06699973713513863
HP1BP3,0.06733623386764202
PITHD1,0.06764188052044803
PSMA3,0.06786782343543554
PSMA5,0.06786782343543554
NRD1,0.06802959098685835
ACADM,0.06838659589075766
SRSF4,0.06848422771412267
CARD16,0.06869615639696001
RUVBL2,0.06874513947775467
MTCH2,0.06885954495616818
LAGE3,0.06920370034713662
TMEM259,0.06954926730392216
ZC3H15,0.06959874947679419
RALY,0.07064456944087849
CNPY2,0.07074484004134016
SHFM1,0.0709960272569829
C6orf1,0.07102957406729514
SDHC,0.07102957406729514
SPECC1,0.07161874991061895
PABPN1,0.07177089779441295
PSMB8,0.0717878194486752
CSDE1,0.07202506598566205
SNAP29,0.07241622200243213
C7orf73,0.0724844263507561
SP110,0.07253561411632954
COX16,0.07260391049862759
MFSD1,0.07262099281643618
SCP2,0.07279199700382773
COX6A1P2,0.07289475760687836
HDAC3,0.07341034276052917
UBL5,0.07354833474841926
MRPL51,0.07363468741127033
ARL6IP4,0.07417192611910069
VDAC2,0.07427627693240786
PRKACA,0.07438074768868264
TARBP1,0.07450278195838286
STX5,0.07460751291542987
BTF3,0.07464244995030465
NACA,0.07469488056077435
TMX1,0.074747341251541
FUT7,0.07476483483501697
MZT2A,0.07490490392384502
WDR74,0.0753616092233436
NDUFB10,0.07553786928886795
AMD1,0.07585598524759928
ARHGAP27,0.07644203651969202
DPM1,0.07669177729167796
PDCD7,0.07678113147116875
SUSD3,0.07687057049975196
IRF2BP2,0.07687057049975196
MCRS1,0.07692427466727118
MIIP,0.07704970332347744
ADPGK,0.0771214516435935
NCOA4,0.0773550097831962
SRA1,0.0773550097831962
MSRB1,0.07760717807312166
ZNF581,0.07767934901241659
CCT3,0.07816793381348695
EIF3H,0.07836770279026022
EIF2B1,0.07840406902874243
CHAF1A,0.07856788710847235
ZCRB1,0.0786772538249812
GRB2,0.07891464001508873
EIF4H,0.07911596005241682
WAS,0.07942791246471671
DNPH1,0.0794830665700935
RP1-241P17.4,0.07975930434717686
SAP30BP,0.07988848209728988
DNAJC8,0.08007331664417035
METAP2,0.08016586414304269
BAX,0.08016586414304269
PDHB,0.08033266864111849
LSM7,0.08051833754441085
MT2A,0.08077885941148026
ARRDC1,0.0808161326345941
ITGB1BP1,0.0808161326345941
ATP5J,0.0809466989044815
MILR1,0.08141440568850088
ATP6V0D1,0.08150820970370576
RILPL2,0.08175251062718955
TPMT,0.08199740523927948
PSMB6,0.08201626790469857
PSMB7,0.0825458528975811
NT5C,0.08298293988201322
MRP63,0.08367083914149814
TCEAL8,0.08401651635415962
EIF2S2,0.0840357544899148
TPRKB,0.0841512581991825
STX16,0.08417052130395146
GMPR2,0.08422833203257413
MAFG,0.08432475465436508
XRCC6,0.08488576872552948
RPL26L1,0.08509935529032911
PRKAR1A,0.08537182103737426
PTPLAD2,0.08541080222345135
TMEM59,0.08548880776170069
DOK1,0.08584054562032634
NOB1,0.0859580511180737
WDR13,0.086193452000232
TOR2A,0.08670527379813993
TRADD,0.08706104734861109
COMMD4,0.08721954668752481
UBE2R2,0.08745773224140435
USP33,0.08753724395058216
JTB,0.08783593240495241
TMED2,0.08825547661521083
RAB11FIP1,0.08831554317204927
DCTN2,0.08853606923489103
HMGN1,0.08861637048782618
NCOR1,0.08885762648937118
PRDX4,0.08909941144483424
OSBPL8,0.08942261551319683
LSM6,0.0896656376430464
EIF5,0.0897061929826521
FAM192A,0.08974676308912914
OAS1,0.08976705368104097
SCO2,0.0905612716648633
OAS3,0.09064304855135051
CORO1A,0.09068395926417486
EIF3D,0.09117604720388499
NSL1,0.09150529690746864
CHMP5,0.09154652022893085
RPL7L1,0.09167027975545669
C14orf119,0.09167027975545669
DNAJB6,0.09175286077663607
PCMT1,0.09183550156665327
KDELR2,0.09204236521432604
SRSF3,0.0921873923718467
SERPINB1,0.09235336238845956
RTCB,0.09245721545281857
FDPS,0.09262357540151914
NDUFS2,0.09264438728325707
EIF2AK2,0.0927068454565106
CD72,0.09379483465729747
RANBP1,0.09482940392593599
NAGA,0.09531816122223506
SHKBP1,0.09553129271704844
STK17B,0.09563800147243312
CLEC4C,0.09587309665926126
STX18,0.0960872207731197
HSP90B1,0.09720684290924334
PMVK,0.09735835459631237
XRCC5,0.09796628999731158
POLR2H,0.09824957477196884
TIMM10,0.09840238351041473
COMMD5,0.09866478286613524
COX7B,0.09884002592064023
PKIB,0.09886194876213085
ELMO1,0.09923523127309866
TXN,0.09930122125959154
SRI,0.09947736575197136
RNPEP,0.09952144080186678
COX6C,0.09956553142943453
SURF2,0.09963169658652517
HAUS4,0.10000729524165669
PAFAH1B3,0.10014012873718695
RFXANK,0.1002287625266548
NDUFA6,0.10031745884915973
ARPC4,0.10056169639879207
SSR1,0.10082867762771015
NDUFS5,0.10091779677461608
PTMS,0.10107390628631757
ATIC,0.10109622334086092
VPS72,0.10167784578351981
COPZ1,0.10185734154553006
PID1,0.10201460717784275
UROS,0.1020595756961104
LDLRAD4,0.10239734266457186
MTHFD2,0.10248756390928414
SLC16A3,0.10262301434751475
SERF2,0.10271339372748349
YY1AP1,0.10273599846241728
FAM177A1,0.10303022024653402
PTPN1,0.10303022024653402
PLEKHF2,0.10309821264583714
LRPAP1,0.1031662407189696
S100A8,0.10318892467288147
EIF1B,0.10403102234963263
XRN2,0.10430530460288355
MRPS12,0.10441975826462342
ABRACL,0.10462602618635619
ACIN1,0.10464896480197977
LYRM4,0.10469485401299258
MDH1,0.10478668036615038
NBPF10,0.1048555920843367
CTSC,0.10490155321402955
RNFT1,0.10538511121613632
DNASE1L1,0.10538511121613632
VPS25,0.10543125645511597
GLRX,0.10545433508602894
TRMT1,0.10545433508602894
NDUFAF2,0.10552359502962672
NUDT22,0.10591674999652391
SNF8,0.10607897462622291
CCDC85B,0.10677645586092425
RSL24D1,0.10700975557275595
STARD3NL,0.10714992914802299
COMMD7,0.10747756652336463
HMGXB4,0.10747756652336463
MICAL1,0.10747756652336463
SFPQ,0.1075244365644386
PGD,0.10832370647792704
ZMYND8,0.10846524095027216
SERPINA1,0.10865418115606242
LSM2,0.10879605711224648
STAT1,0.10917510948944091
DRAM2,0.10950763630472635
NBEAL1,0.10998406291466033
FASTK,0.1101273098346599
VAMP3,0.110151198646048
MRFAP1,0.1102707041202513
DNAJC7,0.11043818383010538
SERTAD3,0.11070177209189229
NDUFB1,0.11079774545074522
PSMD2,0.11084575676102883
COX7A2,0.11089378449642857
CIITA,0.11135086783681386
BANF1,0.11137496598139553
RHOB,0.11137496598139553
UBE2A,0.11137496598139553
ZFAND5,0.11139906824162336
PEA15,0.11144728511071986
SF3B5,0.11185779372455677
KIF16B,0.11209982600639644
ATXN2,0.11234227112846217
FAM96B,0.11243936486770517
UQCRB,0.1128771056874733
PTP4A2,0.11302331739491568
CD55,0.11307208778245534
DHPS,0.11375661580979425
LYL1,0.11378112346406795
PPP1CB,0.1141001014710718
PDLIM2,0.1142229726115442
SYNGR1,0.11454292504627736
METTL7A,0.1146661713091159
ZNF467,0.11469083307865134
C14orf1,0.11474016913806934
GABARAPL2,0.11481420453439865
TFEB,0.11493768037563874
IFT20,0.11555662721075806
NOTCH2NL,0.11578008850293853
CLN8,0.11637764609577665
PSMC5,0.11642755173287643
DUT,0.11675234829862767
CCNC,0.11682740231732226
AMPD2,0.11707785606341459
APPL1,0.11742919931026284
C1orf123,0.11763033813225798
TRAPPC2L,0.11778136960182918
AK2,0.11869075605491883
GADD45GIP1,0.11874143848562015
RNF187,0.1187667860628569
KIN,0.1188174939431932
SNRNP27,0.11899510518982526
TMEM242,0.11909669072425356
FRMD4B,0.1193509519261648
CUEDC2,0.1200651463810537
MXD4,0.1200651463810537
SBNO1,0.12026981542612757
MRPS16,0.12026981542612757
DCAF7,0.12057733103254557
ASL,0.1206543060132409
APOPT1,0.1213488126215882
IDH3B,0.12160682937738061
PLEKHB2,0.12207234040540192
NUDT1,0.12253924318006955
THOC6,0.12256522307902891
C20orf27,0.12261719578751072
AGPAT9,0.12347723362670578
RAB4A,0.12392211757156062
WDR41,0.12394832611932209
PLEKHJ1,0.12402697771588751
IAH1,0.12418439773587014
CHCHD3,0.12428943098997178
QDPR,0.12428943098997178
LYPLA1,0.12478928563876375
LTV1,0.12484199297599013
HNRNPU,0.1250266053647896
SOAT1,0.12510579008393677
POLR2I,0.1255287690498051
RPS6KB2,0.1255287690498051
NUP50,0.12597940439875177
TMEM256,0.12608561916137756
TRIAP1,0.1262716628160231
DPM2,0.1262982579233733
POP5,0.12643129889573348
ENDOV,0.12645792018019178
EIF3A,0.12683107659845053
CCT5,0.12691115008504864
HNRNPA2B1,0.12693784998916952
TRIM38,0.12693784998916952
SSRP1,0.1270179759330158
GAS7,0.12717834589913984
NUMB,0.12741919620973913
TMEM170A,0.12835921084768723
CBFA2T3,0.1284130883542283
STK11IP,0.12884474142388216
LIPA,0.12900690167246304
NSD1,0.12914215629154902
RAP2B,0.1294401041668754
ANKRD13D,0.12949433381530578
TSSC4,0.12962998512359647
RPP25L,0.129684276530306
MPLKIP,0.1298200822839113
FPR1,0.1302009257707458
RRAGC,0.1303098972963967
IMPDH1,0.1303916723747621
TOB1,0.13058263573736445
SETDB2,0.13069185503234912
BMS1,0.13069185503234912
CCL3,0.13077381599708437
CLTB,0.13096521329236577
TRAPPC4,0.1310199381169132
FBP1,0.13107468067317005
CCT6A,0.13148581536876267
SKAP2,0.13200802020385632
TIMM10B,0.13222837608576732
FRG1,0.13250422151901314
DAP3,0.1327252185807363
POLDIP2,0.1329465009450074
TRA2B,0.13369543797217975
LILRB3,0.13377885428715947
SMDT1,0.13380666867106836
CRLS1,0.13383448752843413
RAB1B,0.1342801979621602
VIMP,0.13453141400344287
PARP4,0.13461523337841377
GARS,0.13523114286909932
TOP2B,0.13542756998689912
H1FX,0.13545564898676646
UQCRQ,0.13568044290928785
SPIB,0.13576481487140188
SMIM14,0.1359055248398672
ATG16L2,0.13658250070952085
SSU72,0.136695582590242
RRS1,0.13675215061531318
UTY,0.13703526171422778
PCBP1,0.13714863266710164
ZMAT2,0.13731882472533236
DHX29,0.13765969741827414
HDAC2,0.1377165729045408
ACADVL,0.13842904589855037
SGK1,0.13857188068208912
ADSS,0.13868623023339963
BCL11A,0.13897242210305724
NUPL2,0.13937385451461923
RP11-489E7.4,0.13966113805125385
PSMC6,0.13966113805125385
HDDC3,0.13971864940925205
ARF6,0.13974741192212625
TMEM206,0.13992008269824316
RMDN1,0.14017939660653855
POLD2,0.1402947658352021
MGAT1,0.14052572338252226
FCGR2A,0.14081483136762987
LILRA2,0.14087270780260305
VPS26A,0.1409306025241591
CCR2,0.1411043964394447
NOP56,0.14116236433844914
NOC4L,0.1412493505044359
SLC12A9,0.14156865226539092
SH3D19,0.1416848993986155
SLC39A1,0.14185940758190227
SPAG7,0.14215062138333362
SRM,0.14247148657730863
SNRPB2,0.14252988539713177
TMEM218,0.1429391918092863
RAP1A,0.1429391918092863
UVRAG,0.1429391918092863
PLEK,0.14302701756865746
ATPAF2,0.14308559107585023
ARHGAP17,0.14396640393302104
CINP,0.14399583579987607
CD59,0.14414306433720234
POM121,0.14420198805406137
PRAM1,0.14467404270957054
EBNA1BP2,0.1449696776101699
FBXO25,0.14502886008621135
CCDC12,0.14505845826371055
SPTSSA,0.14508806106803912
ASCL2,0.14535469457742864
AZIN1,0.14556233549814368
PPP4C,0.14559201701707106
SLC25A39,0.14559201701707106
BAK1,0.14636536405690506
SNX2,0.14639517081983916
RCAN3,0.1465741089347635
ACTR1A,0.14729153487673835
MARCKSL1,0.14729153487673835
VCP,0.14741136642750013
NKIRAS2,0.1475012889867991
IFI27L2,0.14792148206955605
NME4,0.14810184455941977
RIPK2,0.14819208878500423
KLHL42,0.14831247975530126
RBM6,0.14834258916756826
ACAT1,0.14855348579626027
ZNF296,0.1487947907986358
ORMDL1,0.1489155554706563
NONO,0.1489155554706563
SNX9,0.14909684276000973
SNCA,0.14952050150265037
THAP9-AS1,0.14964171541185184
RPL12,0.14973267503298165
KDELR1,0.14982367682756337
NQO2,0.1502793187565081
SNRPF,0.15040100154067507
LSM1,0.15040100154067507
MPP1,0.15061412715326256
DYNLT1,0.15098002085195963
CNOT10,0.15098002085195963
SRSF2,0.1510410689355265
GSDMD,0.15143834005913615
LRRC41,0.15183640664298978
GSAP,0.15186706012093965
GRSF1,0.15211245761036724
SUCLA2,0.15211245761036724
AKR1B1,0.1521431535103445
G6PC3,0.15275806224023697
TBC1D1,0.15275806224023697
PACSIN2,0.1529120844836361
FAM65A,0.15300455452283074
TICAM1,0.15306622484393767
FEZ2,0.15318962220740254
JKAMP,0.15328221987273233
SAP18,0.15343664390207143
IVNS1ABP,0.15374584682849013
VAMP7,0.15380774421768348
PHF11,0.15399355004613127
DNM2,0.15448986628641945
DLGAP4,0.15489401730600444
PRMT1,0.15498739685424806
FAM129A,0.15523661798049945
EIF4E,0.15567348691262933
MRPS7,0.15673833832440534
UBALD2,0.15711548395245092
ZNF131,0.15736729626180068
KLHL36,0.15758788281947533
SNRPA,0.1576194143001617
UBE2J1,0.1578718382528429
TRAPPC13,0.1579981650049006
DENND1A,0.1580613570849736
MRPL45,0.15825104817602142
PLCB2,0.1583143168329344
PRPF8,0.1584409116039126
SMARCA4,0.15859926282952508
FKBP8,0.15875773383258418
SIK1,0.15878944241044868
UFD1L,0.1591385532010029
TUBB6,0.1591385532010029
MIF4GD,0.1597110776938212
VDAC3,0.16041294367275538
EIF2A,0.16041294367275538
CD47,0.16044490197560268
ERP29,0.16102097460423703
DDX49,0.16143799782490154
BRD4,0.16143799782490154
NDUFA13,0.16175933951189458
TCEAL4,0.16217780531365733
RABGGTA,0.162274490262016
ZNF22,0.16240347117785858
RPS19BP1,0.16253252943027308
POP7,0.16253252943027308
TEX264,0.1626293738853034
SNX6,0.1631789815313075
RAB10,0.16321135495390104
CCDC22,0.16408726892229597
IFT27,0.16421733460104526
TNFRSF1A,0.16428239655835797
PRMT10,0.1655222659134281
GGCT,0.1658497146639697
ZDHHC24,0.16598083052276513
NDUFB4,0.16617765047880428
BUD31,0.16630896126039885
ASNA1,0.16630896126039885
RBMS1,0.16644035004989843
SENP6,0.16647320943860322
RBCK1,0.16683498468714553
MRPS18C,0.16789078157689197
MAGOH,0.1679569350948411
FAM162A,0.1681886265463547
GBAS,0.16842055785872556
PRPF4B,0.1685531977750473
COX17,0.16858637000048327
FBLN2,0.1687523046228866
FLT3,0.1687523046228866
AATF,0.16908454148041707
TOR3A,0.16928411898171136
DAZAP1,0.16941726877250118
TRABD,0.16961714069803557
MRPL54,0.16975048683969685
RELT,0.16978383565214028
HSPD1,0.16981718937607448
STUB1,0.1698839115597719
OFD1,0.16998403167998333
POLR2A,0.1701509968220567
GLTP,0.1701844045947809
STRA13,0.17021781728306595
SND1,0.1703180848446716
MTIF3,0.17075308908810516
FCGR2B,0.1712224853452855
OGFOD3,0.17135677585835352
PLK3,0.17135677585835352
AIMP2,0.17155835945606868
DNMT1,0.1715919739732853
NDUFAF3,0.17182741364516751
ARGLU1,0.17189472650657833
UFM1,0.17202941142516004
COPRS,0.17209678348769797
PARVB,0.17243393994009537
PLAUR,0.17256894076958162
SMARCC1,0.17297441753116694
TMEM39B,0.17297441753116694
ATOX1,0.17304206618430928
HMG20B,0.17304206618430928
FLOT2,0.17331285858863377
LAPTM4A,0.17338060615097717
UBN1,0.17402519538678785
EIF3E,0.1748078805012958
DDOST,0.1749101632717136
NDUFB3,0.1749783765965871
RAD23A,0.1753197410549585
PNRC2,0.17545642587667454
GPCPD1,0.17573003398734355
FAM98C,0.17586695731833246
MAF1,0.17586695731833246
RAD23B,0.1759697020168971
GAA,0.17651842978612298
TMEM8B,0.17696520934951454
RTN1,0.17699961187329394
FAM49A,0.1771372717951869
TMEM9B,0.1771372717951869
RHOA,0.17734391119414805
MAFB,0.17734391119414805
SLC43A3,0.17748177050122016
TIMM50,0.17755073007488353
CCDC124,0.17789582724832453
PSMA7,0.17810312508984738
VDAC1,0.17813769220279707
LILRA5,0.17824142350130878
FBXL15,0.17851826005841653
C15orf61,0.17851826005841653
KDM6B,0.17869144528610081
HRH2,0.17914231177117002
TUBGCP2,0.17931594702766296
C21orf59,0.17966359288211065
TCIRG1,0.17980279140824917
NUDT16,0.17990724289105053
ARID5A,0.1800465816688096
ANAPC11,0.18025574016420498
TBXAS1,0.1802906174558926
IKBIP,0.18074447854522235
PFDN1,0.18077942604766284
ST3GAL6,0.18126921805796004
LEO1,0.18151448311757334
KCTD12,0.18158460406111787
TSEN34,0.18172490624764326
LACTB,0.18228691935720498
ETF1,0.183097069960946
EHD4,0.18323823767835146
STAT6,0.18323823767835146
PILRA,0.18341481071715926
ATXN2L,0.18390988581786705
SURF1,0.1845478641651802
H2AFZ,0.18465435294988264
CSNK1A1,0.18468985931506554
C6orf106,0.1849740921462787
ANXA4,0.18557916125583662
MTFMT,0.18618569272215713
MAN2C1,0.1864716257315877
PCF11,0.18661471385246264
RNASEH2B,0.18733137140255574
NUBP1,0.1874031487692045
RCC2,0.1874749464386436
LRRFIP1,0.1876186026956418
H2AFX,0.1879061589502926
CEBPB,0.18880686843702998
YTHDF3,0.1888429629229058
PTPN6,0.18887906249661013
GLIPR2,0.18916804228427064
DCTN3,0.18942116684662624
NDUFA2,0.18952972518562194
RNF4,0.18978320626484213
MED6,0.1898556752866829
PRDX6,0.19112718512028737
MMP24-AS1,0.191163605832409
ATXN10,0.19233176672778984
SIN3A,0.1928444840470379
MLX,0.19299115901494468
RPN2,0.193027840560546
ETNK1,0.193505166865251
BLCAP,0.19424120677769807
ANXA7,0.1944624189154548
FLII,0.19457309428141745
RBMX,0.1948684545200985
COX20,0.19527511165246914
SNX18,0.19549718673749794
TUBB4B,0.19571944691647436
SETD5,0.19575650827924607
TSPAN4,0.19601608185306596
RNMTL1,0.19646165176631358
SEC24D,0.19657316007684755
QTRT1,0.1968335263915757
STX7,0.19690796312923697
TTC1,0.19713139700848514
C7orf55-LUC7L2,0.19739230438296795
ZNF106,0.19742959748707756
RBM8A,0.19769079360986286
MRPS6,0.19810175537357444
EIF4G1,0.19855078959155736
PHLDA2,0.19873810666012182
SIPA1L1,0.19885055889395453
ALKBH5,0.19900056754627038
DDX17,0.19915065888994743
ADAM28,0.19922573557665257
PTBP1,0.19922573557665257
TRAPPC5,0.19990235660581357
PHB2,0.1999776401887623
NCKAP5L,0.20027898156176605
CTDSP1,0.20042977650412486
ASPSCR1,0.20065612428744495
TINF2,0.20080712641537612
TMEM147,0.20099599566285475
NEAT1,0.20099599566285475
CTNNA1,0.20126063030133112
PNKD,0.2014876621985754
MAX,0.2014876621985754
FGD2,0.20156338098705773
STX4,0.20156338098705773
MSRB2,0.20175276873718306
RNF138,0.202169878420689
CDC42,0.202169878420689
UBE2D1,0.20281573817917098
SNX17,0.2030440471454401
ERGIC1,0.20319635707435257
NSUN2,0.20331064410787936
TAOK3,0.20338686146136808
COPB2,0.20361563833514074
TNFAIP8L2,0.2042266256768801
MLXIP,0.2042648566264299
CYB5R4,0.204570891675947
KMT2C,0.20460916949280727
TANGO2,0.20476233285114953
TESC,0.20476233285114953
AP3S1,0.20529906116445473
PDLIM7,0.20529906116445473
CAP1,0.2054525997700215
SPINT1,0.2054525997700215
CDKN1B,0.20556780847765965
HSPB1,0.20560622181085753
SLC27A3,0.20560622181085753
RP11-109G23.3,0.20560622181085753
GORASP2,0.2064526352014412
GFM1,0.2065297071494554
PTEN,0.20656825095652942
MSRA,0.20691538025971123
POLR1D,0.20699257757056633
NFKB1,0.20714703489793262
MRPS34,0.20734022415193243
ZNF689,0.20745620043415802
LHPP,0.20784312793035487
NUP62,0.2079205761939925
CCDC86,0.20799804538397426
CAMK1,0.20826935237400146
XRCC1,0.2096297360445578
TMEM19,0.20970766613991454
WDR1,0.20970766613991454
SNRNP40,0.20978561720928968
ZBP1,0.20982460060987695
SAFB,0.210019596282083
CDC37,0.21021472309325784
ASGR1,0.21056628192577187
CCT7,0.21087913560152483
CUL3,0.21103568845956
SSBP1,0.2116235102479096
IL18,0.2116235102479096
COPS7A,0.21166274040568112
LINC00528,0.2122911379521052
PARP10,0.21233045750049373
FAM96A,0.21233045750049373
INSIG2,0.21252713415553115
SPCS1,0.21284209042988034
TIMM8B,0.21284209042988034
APP,0.21299969489018644
PLXNB2,0.21339407461172966
SNORA76,0.21386802558186047
PSMA2-1,0.21398663188877542
UBE2L3,0.2143427354710976
WBSCR22,0.2143427354710976
REEP5,0.21465963056347082
RNF41,0.21465963056347082
RP11-1143G9.4,0.2148975234347792
CCDC69,0.21497686326943033
TMEM165,0.21501654110240165
FPGS,0.21505622421279724
NDRG1,0.21525471893472026
SSR4,0.21541360973088985
PPCDC,0.21593058832533296
PUF60,0.21648833301418902
DGUOK,0.21648833301418902
DDIT3,0.2165680953944168
STARD7,0.21672768359989503
IFNGR2,0.21720695591558303
SPN,0.21728690869458211
CACUL1,0.21736688263863202
C11orf54,0.21736688263863202
TIA1,0.21740687754815147
NARF,0.2174468777496541
AKAP9,0.2174468777496541
LRP10,0.21776706990183348
CD40,0.21788722930561177
HADH,0.21872967979622637
CD14,0.21876985476721988
PEX11B,0.21893060765445593
MIF,0.21897080912826383
CDK2AP2,0.21909144535826963
KIF22,0.2191316680385863
LTB4R,0.21953418650264078
STK10,0.2195744675203184
DNAJA1,0.21981626503559437
MID1IP1,0.21985658319186663
RNF126,0.21993723542400245
MCMBP,0.22013895887955326
PHC3,0.22030043318822512
EMC10,0.22034081503737268
CAST,0.22034081503737268
TGOLN2,0.22078536584034913
HDAC9,0.22094718001610614
SEPT2,0.22127106339437141
STX3,0.2213520873803203
STOML2,0.22151419913482606
UQCRC2,0.22163583876775816
WDR18,0.2217169584393872
PHIP,0.22179809937957218
CSNK1D,0.2218792615901537
USP1,0.2222041231732148
CXorf21,0.2222853917633425
ITGB2-AS1,0.22232603403882123
LMBR1L,0.2223666816348815
SNRNP200,0.22256999943191336
RNPEPL1,0.22297703420094273
ATRX,0.2231399971742768
TMEM141,0.22350697540705233
PKN1,0.22350697540705233
CCDC59,0.22387438514124758
RCSD1,0.22391523508809086
ZFR,0.22399695097030803
MIDN,0.22448769403692193
MRPS36,0.2245695591936685
AKAP13,0.22497920499475121
CDC42SE1,0.22506119817093917
DDX27,0.22567682741743256
MRPL24,0.2257179120711884
SH3BP1,0.22596453212578405
SCAND1,0.22637599281985787
TRAK1,0.22666433318794943
NELFCD,0.2270354413193968
PDCD2,0.2275722509576007
FAM211A,0.2280271805604548
TRAPPC2P1,0.22810996459459154
RAB34,0.22810996459459154
SMNDC1,0.22910504329435288
ATG4B,0.22910504329435288
TRAF7,0.22918810576221393
PICALM,0.22918810576221393
MAT2A,0.22952056995029768
KIAA2026,0.22960373958498714
MIR4435-1HG,0.2298117574687083
CHMP2B,0.23031154722887115
KIAA0922,0.23035323123138562
SIGLEC9,0.2304366153268831
SUMO2,0.23060344788563913
PREX1,0.23093737052120933
ROGDI,0.23110446062483248
PDCL3,0.2315225616164457
PARL,0.2315225616164457
FUNDC2,0.23168995234108902
KDM2B,0.23185742898738027
TXNL1,0.23227649659725025
MAN1B1,0.23227649659725025
DDX54,0.23240232164425145
C1orf86,0.2324862318766433
SRP19,0.23269610150664732
TEN1,0.23269610150664732
MBNL1,0.23294812244157526
LYN,0.2344221034536793
TAPBP,0.23454875141283416
CBX5,0.23471769073496618
PGP,0.23501354187032852
RNF115,0.2352250256911822
ARL6IP6,0.23573313640025162
HEBP1,0.23590267908547857
AHR,0.23602989269734764
AP1S1,0.23658171240801162
PSMG2,0.236964275368451
HMGB2,0.2373898578797179
PSMG4,0.23751763786964308
FAM89B,0.23760285151817517
KLHL5,0.2377733435948065
ATP5E,0.23781598011083538
DPP7,0.23790126934049072
MAP2K6,0.23798658016822916
PTPMT1,0.2380292436818613
DPYSL2,0.23807191259559224
ITGAE,0.23819995173930253
UBE2Q1,0.23845617585534795
ACTL6A,0.23854162710813953
DBNL,0.2386270999705401
NME3,0.23931166099892942
TBL2,0.23931166099892942
COA6,0.23952587008981818
RILP,0.23952587008981818
CISD3,0.24008344637787316
TRAF4,0.24012637472088494
TXNL4A,0.24046999621961274
ARCN1,0.24059894355652922
MRPL43,0.24081396401663624
ID3,0.2409430412400434
PRPF19,0.2410291197868072
TBL1XR1,0.24120134184179676
BNIP2,0.2415460458391001
C1orf35,0.24163227599024018
CUL1,0.24206375173048333
IFNGR1,0.2426687279903993
FBL,0.2428850483790428
CHD4,0.24305820227073327
AP3D1,0.2433614303327707
CDIPT,0.24388186814671842
C14orf166,0.24388186814671842
BSG,0.2441423800034478
SIRPA,0.2445335140842093
CDK5RAP3,0.24457700056427112
MBD6,0.2448380334430661
KLHL8,0.2448380334430661
UBE2V2,0.24540427524510577
PARVG,0.24588411987259184
NDUFB11,0.2460587718199181
DUSP3,0.24623351071387967
SEC11C,0.2464083365655767
BRI3BP,0.24649578210403733
ENTPD1,0.24667073841309117
SLTM,0.24697712126910087
SRSF1,0.24710850977078347
RNASE2,0.24745911840644086
FAM118B,0.24794177374351378
STX11,0.2485130334933482
YIPF4,0.2485130334933482
CRIP1,0.24855701465240077
YAF2,0.248997125684709
PA2G4,0.2491292651753334
ENY2,0.24926145368054353
RSRC1,0.24965831332851596
BEX4,0.249702436083022
FAM136A,0.24979069793685515
XPO1,0.25018814600126404
COPG1,0.2502765277394442
TMED5,0.2509843666056458
EIF3F,0.25138313938310475
DERL1,0.25142747473940164
CIAPIN1,0.2518711283304058
CAMTA1,0.2518711283304058
ANKRD10,0.2521375823712374
DIAPH1,0.25276007252450217
GGNBP2,0.2530271815545736
EXOSC7,0.25351739200514845
MARK3,0.2535619893605462
NDUFA4,0.2537850580732498
SPTLC2,0.25382968820402196
CORO1C,0.25409758371931046
SMS,0.2542316052393402
OSTF1,0.2542762900081409
ZNRD1,0.25436567593985315
SMU1,0.254455083731406
TMEM42,0.2546339648989532
SLC2A6,0.25481293352060197
WAPAL,0.2551711331653459
ADAM8,0.25526073775061275
KCNQ1,0.25530554824519425
SOX4,0.2555296827436475
KIAA1143,0.25570908878214016
INTS10,0.25588858233307654
SMARCE1,0.25588858233307654
SCYL3,0.25588858233307654
HAX1,0.2562478320107626
ATP5O,0.25669738653627194
CREG1,0.25669738653627194
MCM5,0.2573276823380518
FLOT1,0.2573276823380518
SLC30A9,0.25737274452357783
CHIC2,0.25764323261744837
MRPS23,0.25782366752952957
NFE2L2,0.25782366752952957
NDUFB2,0.25818480023446533
BCAP29,0.25886286900886324
CSRP1,0.25886286900886324
FEM1A,0.2589986307030758
CASC4,0.25940621173391465
SHARPIN,0.25940621173391465
GOLGA2,0.2596328374864181
POLR2J,0.2596328374864181
SCARB2,0.2599049693043949
FGD5-AS1,0.26031353714806793
PPM1M,0.26049526544291435
NOTCH2,0.26049526544291435
CBX7,0.261040976912287
GYG1,0.2614052234677934
SDR39U1,0.262134770277328
UBE2M,0.262591450675399
CYB5R1,0.26286572248194684
C16orf87,0.26286572248194684
KIAA0196,0.2631401919996166
UBE2G2,0.26318595614316365
CWC27,0.26323172577961806
NUP93,0.26350645895681435
MMADHC,0.2636897242831785
PADI4,0.2639647871061406
NMI,0.2644236647700253
C12orf75,0.2645614352440272
PITRM1,0.26474520616568675
NFYB,0.26520501830259247
CCNL1,0.265481169511105
CD97,0.2657114467505749
MEF2C,0.2658035961457278
MTIF2,0.2658957675420356
MTMR11,0.26672630032681965
TPK1,0.26723472578870744
PFDN6,0.26732723833094363
IMP4,0.26746604842758204
SEC22C,0.26765120562370515
C12orf10,0.26797544267383255
RHOC,0.26797544267383255
U2AF1L4,0.26802178427586454
SEZ6L,0.2683927153263287
TXNDC11,0.2687639988368
ANKRD11,0.2689033210343368
CCDC6,0.26918211416216764
QPCT,0.26950762348226887
MAPKAPK3,0.2695541468529208
GPR183,0.2696937500262717
TAX1BP3,0.2697868463608397
PHTF1,0.27011285712623234
HSDL2,0.2706257054165594
MAN2B1,0.2708590387794457
SPPL3,0.2710458047101426
SNX10,0.27118593705317606
DNASE1L3,0.2712793861859534
CXCL16,0.27155986593386194
TMED3,0.2717469627327941
GSTZ1,0.2717937507210971
HMGN2,0.27188734324477093
HNRNPL,0.27193414778036507
SERPINF2,0.27193414778036507
RP2,0.27202777339962503
OGDH,0.2725899905078346
ITGAX,0.27287139699697205
KTN1,0.27334084927925695
MZT2B,0.2734348059636008
TMEM106A,0.2738108534893945
SMPD3,0.2739049205722418
TAF11,0.2741401848911593
DCAF11,0.2742343292656799
ZNF503,0.2742814097348547
C2orf47,0.2747053824338712
ACOT2,0.274988279401548
HTATSF1,0.2753657846497919
GTF2F2,0.27550744025805984
HAGHL,0.2756019049507078
CTSA,0.27574364342243673
TSR3,0.27588543161593015
ANKZF1,0.2760745598903146
LILRA4,0.27616915717921886
KCTD18,0.276547767365134
PROSC,0.2766424751732146
PHYKPL,0.27673720508754074
C15orf48,0.27702152747597253
PGM2,0.27763824197464526
SF3A3,0.2777806933845307
EIF2AK4,0.2777806933845307
C18orf32,0.2777806933845307
NLRP3,0.27825589081250013
RSU1,0.27830344096812676
CELF2,0.27835099665374363
EMC6,0.2785888580350371
BTF3L4,0.2789697238393646
TREM1,0.27911263978020373
THOC7,0.27916028949023397
CTD-2035E11.3,0.279207944731963
TIMM17A,0.27925560550548445
PDIA3,0.279303271810892
PSIP1,0.2796848014132547
ADA,0.28006668510991173
SMIM19,0.28040112384954596
TOLLIP,0.2804489229480204
PRPSAP2,0.28135815741793313
GMDS,0.2815498298316389
OSGEP,0.2815498298316389
SH3RF1,0.28169364227218574
ADAR,0.28188546970444717
KXD1,0.28207738572644425
B4GALT7,0.2821253785747425
NDUFB8-1,0.28250952071093527
NCF1,0.28323074255241754
ALG12,0.2833751364714583
MRPS21,0.2836640738784253
RP11-117D22.2,0.2840978539447102
DPP9,0.2840978539447102
HLX,0.28438728998538276
PIK3C3,0.2848218180850828
EMILIN2,0.2848701266937709
ABCF3,0.28496676053734116
ALG2,0.28535351760588457
ELOVL1,0.28583746280101596
IPO9,0.28588588780911217
ATF5,0.2863219623572698
NCOA3,0.2863219623572698
TMEM101,0.28641892879864506
HIGD1A,0.2869040936896745
CHMP4A,0.28729262485963236
SYVN1,0.2875842561621411
PPP1CA,0.2877301466877994
DYNLRB1,0.2877787879560112
ZNF326,0.28797340849576003
TMEM43,0.28797340849576003
MLH1,0.28807075204679033
SDCBP,0.2883142079990332
SPNS3,0.28938706188890984
EIF5AL1,0.2894358917821849
IL3RA,0.2897289876736945
ZNF780A,0.2899733868587012
CSNK2A1,0.29002228334474356
ITSN2,0.29002228334474356
PSPC1,0.2901200929664084
CBX6,0.29080538194474004
ATP5I,0.29080538194474004
PAPOLA,0.29100137862013176
OGT,0.2910994102645186
USP7,0.29144269588882254
HDLBP,0.29149175889873136
ALDH3B1,0.2916880664570114
SIRT6,0.29193357582655566
HDAC1,0.29227752214513936
PCK2,0.29227752214513936
ZNF451,0.2926709368215088
NUBP2,0.2926709368215088
CMTM6,0.2926709368215088
MAP2K3,0.2932617252408519
COX19,0.29355741936079227
LSM4,0.29355741936079227
AK3,0.29365602850174854
PIN4,0.2941987759350433
WWP2,0.29434691461657314
USP9X,0.2946927659778682
SLCO3A1,0.29479163065282
ATP6V1C1,0.2948905175509441
TUFM,0.29493996933383415
TRNAU1AP,0.29533578361609547
UTP6,0.29543479274953666
BCKDK,0.29543479274953666
MAPKAPK2,0.2955833481236171
TADA3,0.295632877694904
UBXN11,0.29597974028503704
PTCRA,0.2960293143115672
SEC63,0.2962772678024109
LTC4S,0.2963268751725834
PSMC4,0.2967735915958225
KCNAB2,0.29682325454286396
MARCH2,0.2969225971108983
SDHA,0.2970716526485849
KIAA1598,0.2974196434431401
TBC1D9,0.2975191194107836
NFRKB,0.2975688657325746
PDHX,0.2975688657325746
SNX1,0.29771813805040914
PRKAG1,0.2979172456317398
ST14,0.29871456543517894
ZBTB45,0.29881433048308925
ATP1B3,0.2993634357884486
SLC3A2,0.299513308546394
COL9A2,0.2998132041974153
KIF5B,0.3000132458464071
MOB3A,0.3001133000364292
AC079305.10,0.3009145343737727
MORF4L1,0.30111506541945765
TMEM9,0.3012153643132903
ZNF652,0.30221957692959256
SPOP,0.30226984596631934
MCOLN1,0.3025715770056111
PPP6R2,0.3030749071121218
CLSTN1,0.3035283798709779
KCTD5,0.303578793550784
IFIT1,0.3037300679723428
E2F4,0.3038309454055025
WDR77,0.30403276703811133
GPBP1,0.30403276703811133
CSRNP1,0.30403276703811133
OSM,0.3041841916841106
CCDC112,0.3041841916841106
TUBA1C,0.30423467769419743
LPIN1,0.3043356664066956
ASAH1,0.3044366773758409
CRYZL1,0.3044871912067362
NCBP2-AS2,0.3045377106018885
IER3,0.30484094382396565
SNAP23,0.3049420660801333
GSTM4,0.30504321059444894
DAB2,0.30514437736715583
CAMK2G,0.305346777688705
FNBP1,0.305448011238024
ATP6AP2,0.3055492670466867
SART1,0.3056505451149264
MAP3K7,0.3057518454429742
SLC25A37,0.3059545128794091
DET1,0.3059545128794091
CHST12,0.30691839921166364
CHEK2,0.3072740216917542
SERTAD2,0.3077825269019512
AKAP8,0.30818973182453124
GOT2,0.30829158871706364
CCNDBP1,0.3092093027009045
CTBP1,0.3092093027009045
NOL12,0.3092603396932748
AP003774.6,0.30941348407054003
NEK3,0.30941348407054003
BZW1,0.3098732178082746
GTF2B,0.31023110023933786
FAM20B,0.31074283405444947
UCK2,0.31094768346123225
PAXBP1,0.3111526219442732
BAZ2B,0.311203870483315
UNC119,0.31125512458970017
ISY1,0.3113063842634436
MRPL52,0.3117679718606685
AGTPBP1,0.31181928720879193
GTPBP4,0.31207594746240086
CEPT1,0.312692499967299
TMEM203,0.312692499967299
SNRNP25,0.31330985422467705
AGPAT6,0.31341282455039376
MRPL47,0.31341282455039376
PCGF1,0.3135673217980487
MRPL22,0.3135673217980487
CALCOCO1,0.3137218691568253
MPZL1,0.31382492856897637
KLHDC3,0.31387646662696833
PCBD1,0.3139280102529157
PRRC2C,0.3139280102529157
ARL1,0.31413424043642824
TIMM9,0.3142373889361312
SDF2L1,0.3142889715379966
ITPA,0.31470183280222264
TSNAX,0.31558034620825304
RPUSD3,0.31558034620825304
UBE2B,0.3157872891070559
FN3KRP,0.3158907939655342
SNHG9,0.3158907939655342
TOMM20,0.31620144217761814
RHEB,0.3163050361272791
CES2,0.31635684145442833
DDX21,0.3164086523497933
RNF13,0.3166159516134537
SMAP2,0.31666779034992887
IL10RB-AS1,0.31682333996872547
TUBB,0.31703081741570227
PPM1F,0.3170827006980331
IQSEC1,0.31723838395444426
PAFAH2,0.31723838395444426
NOP10,0.3177576900778747
ZNF398,0.3178616181213767
IRF5,0.31838159243242414
RPP30,0.31848565411322916
GNB4,0.3185897380668522
GGA1,0.3186938442932692
TCEB2,0.3187459057587674
TTC3,0.3187979727924539
LSMD1,0.3189542073026078
MAP3K5,0.3190062966090109
SSBP4,0.31947535093371315
MTF2,0.31947535093371315
CTDNEP1,0.3195274959216009
RSPRY1,0.3198404827792676
GPR35,0.3200492520461702
TCEA1,0.3201014582830616
MFSD3,0.32025811040202534
ZEB2,0.32078064605280143
ATP5EP2,0.32088521999864905
PRR13,0.3210944347054926
CBX1,0.3211990754663432
RETSAT,0.3211990754663432
RUFY3,0.3214084238025233
DIABLO,0.32203700332103147
ADO,0.32224670799486677
GGA2,0.3223515937378041
C2orf68,0.32277135941402924
CCNB1IP1,0.32277135941402924
IFIH1,0.32298137587336795
CLIC3,0.32308641750796485
CCNH,0.3234016760301024
WDR82,0.3235593804507648
PAN2,0.32361195972563983
GART,0.32366454456781624
GPR107,0.3237171349772784
GPR108,0.3237697309540105
SLC25A36,0.32398017053331984
ZNFX1,0.32434865413325153
FAM76A,0.32445398526569846
EIF2B3,0.3254029675066924
RRP1,0.3255085213139308
ZNF789,0.3255085213139308
ZNF207,0.3257725032481721
WDR43,0.3260894652653189
LMAN2,0.32656528402334206
NCL,0.32672399046890455
YTHDF2,0.32672399046890455
HDDC2,0.3267769037497711
CCS,0.3268827470098832
KSR1,0.3273063426919057
MKNK2,0.32741229727183885
PSMD11,0.3274652829105845
DCUN1D5,0.32773029459109937
ZC3H14,0.32773029459109937
HCFC1,0.32804849227527455
CARS2,0.3281546026945663
SYAP1,0.3283668903187251
ELOVL5,0.3284199761382689
ATF1,0.32852616447337013
CNOT2,0.32852616447337013
NAT9,0.32857926698887285
DENND1C,0.32868548871564285
GOLT1B,0.32879173270324624
NFKBIL1,0.3296957053465889
MBP,0.3297489302912646
DAPK1,0.3297489302912646
PEF1,0.3299618857158674
ARPC1A,0.3300151384833382
CLEC11A,0.3301216607116453
MED8,0.33028148578704686
LINC00877,0.3306012861732741
SPCS3,0.3309212868675506
OARD1,0.33102799827730867
HSPA5,0.3311881071207077
FUCA1,0.3315084750276658
C3orf17,0.33156188915140583
PARP12,0.33177560128102557
AKIP1,0.33188249072613485
COA4,0.33188249072613485
NUMA1,0.33204286661836735
ACTR10,0.33241727174314706
RPRD2,0.33247078044152756
PEBP1,0.3326848708635183
PPAP2A,0.33284549708884714
A1BG,0.3329526090522269
YDJC,0.3330061733777495
CYBB,0.33305974326577625
SUSD1,0.33316689972918545
DMAP1,0.3333276761421037
DOCK10,0.33359574807515124
CENPN,0.33359574807515124
SRGAP2,0.3337030157831389
TMEM126A,0.33381030573908343
ATG10,0.33434708922672296
UROD,0.33434708922672296
NMT1,0.33466942627368834
EMC3,0.33493819341397235
MRPS30,0.3350995204307774
MYO5A,0.3350995204307774
REEP4,0.3352070995798522
FBXO7,0.3354761447658505
RP11-35G9.3,0.33552997048497657
FAM32A,0.33574532896640796
HINT1,0.33596077641354705
RPS6KA3,0.33601465217588156
DENND6B,0.3361224203808878
CTA-384D8.34,0.33617631282346716
NEIL1,0.33639193819320656
UBAP2,0.3368234558001292
RIOK3,0.3368234558001292
ALG1,0.33693139079702594
PARP8,0.33703934803122004
CD300LF,0.33714732750232335
RBM4,0.3373633531536939
CEP170,0.33747139933317427
ENDOG,0.33757946774798986
ITGA4,0.33790380640044715
SSFA2,0.33790380640044715
CYFIP1,0.33866137475076996
VTI1B,0.33882385255226166
HCAR2,0.33887802293459435
OGFR,0.33887802293459435
BAZ1B,0.3393115860586208
SPG11,0.33996259758377745
RPL7A,0.34007117729690206
ABCA7,0.34017977923520093
MLTK,0.34039704978551866
POLR2G,0.3406687629819587
RSF1,0.3407774871506132
CARHSP1,0.3417570046118563
SMCO4,0.342029412193533
RAB13,0.34224743823459214
PILRB,0.3425746439131916
MRPS11,0.3425746439131916
CCDC28A,0.3426837569019495
IFITM2,0.34273832172652796
NIPBL,0.3427928921044894
RANGRF,0.3429020495203099
USP39,0.34301122914890714
LPXN,0.34301122914890714
EIF3J,0.3431204309897755
CMSS1,0.34355746046576985
SDF4,0.34361211413686954
TRPV2,0.34366677336033213
DTD2,0.3437761084640859
MIS18BP1,0.3444325854503121
VIM-AS1,0.3444873279513532
BAD,0.3445420760037027
ADIPOR1,0.3447063534679292
UBXN6,0.3450350582726113
NFIC,0.34541879976409173
AMZ2,0.3457479374992396
ZFAND6,0.346132184035302
QARS,0.34629694436217273
WDFY4,0.34629694436217273
MAP2K1,0.3465167024840081
NDUFA12,0.34657165588649086
FUCA2,0.34662661483763924
RETN,0.3469014928208348
C12orf44,0.3473966227229477
PDHA1,0.3475617658825484
UBA52,0.34800239171921377
RAB8A,0.34811260364733987
EREG,0.3481677179313314
PRR14L,0.348277963138792
TPPP3,0.3483882305317145
BLOC1S6,0.3484985201094877
CHCHD1,0.3484985201094877
PIGT,0.3487191658171289
LILRA1,0.34888470832851315
NRDE2,0.3492711682778994
NKAP,0.34938163531220545
ALOX5,0.34943687714661686
APBB1IP,0.3494921245257617
CDC23,0.34960263591793506
RBM27,0.34965789993080465
STAMBP,0.35004490326006155
MPG,0.35037683661079133
CFLAR,0.35037683661079133
LRRC59,0.35048752540884975
SUCLG1,0.3507089695227763
POLR2L,0.3507643444086569
EXOC7,0.3508197248373328
MED4,0.3509858993793058
OPN3,0.3509858993793058
C8orf59,0.35126296779744126
C9orf37,0.3513738339596162
C11orf49,0.3517065654485838
HIPK1,0.35198399407796555
ANKRD13A,0.3525948246510556
RAB11B,0.3525948246510556
EMC7,0.35276153115224096
C22orf39,0.3537071430118588
NDUFB9,0.3538184967008976
EHBP1L1,0.3541526906785186
EIF4G2,0.35426413297215287
PHKG2,0.35426413297215287
GTPBP1,0.3543755974151249
ICAM3,0.35459859274616423
PPIF,0.35465435542111867
ELK4,0.3548216766657797
CCZ1,0.354877461486959
GPATCH8,0.3549890477382014
EIF5A,0.35504484916807955
CARS,0.35526811024713656
CXCR3,0.3555473111479368
FXR1,0.35605022147940935
HCCS,0.3562179578783494
TIMM21,0.3562738810795908
RPUSD1,0.35683341744453245
DDB2,0.3574495465041918
PXMP2,0.35772982645262075
AP2B1,0.357954149977726
RNF113A,0.3580663449268743
PPA2,0.35834692908755517
NCBP1,0.35840306251108267
ARHGEF7,0.3585153459487217
PSTPIP1,0.3585153459487217
UTRN,0.35902089514263313
PXK,0.36014594112699094
MESDC2,0.3603148887275839
ARIH1,0.36042754809504707
RER1,0.3605402295685095
CNN2,0.36059657859472527
MGRN1,0.36093478879809116
VPS36,0.36144247706979726
BLVRA,0.3614989145020515
XPNPEP1,0.3615553574587662
ARID1A,0.3616682599451412
IL18BP,0.36178118452805064
POLK,0.36183765510543286
ST3GAL4,0.3625722752377166
MRPS9,0.3625722752377166
MTHFD2L,0.36291164547324295
NOA1,0.3630248130598842
SMG7,0.36325121448998077
ORAI1,0.363421073533716
DARS,0.36370428235214936
CLEC7A,0.36393094876969523
MRPL53,0.3639876291735189
CCR1,0.3648384975118314
ANKIB1,0.36529280162228295
MIA3,0.36529280162228295
VPS39,0.3656337614169576
SMPD2,0.3660886833770457
PRADC1,0.3661455734417399
POLR2B,0.3664870296425087
TMEM134,0.3664870296425087
DDA1,0.3666578321884315
ZNF259,0.3667717281225853
CCDC47,0.36699958615501516
PES1,0.36722753239977557
APAF1,0.36734153859933405
RALB,0.36734153859933405
SNN,0.36745556684903635
PBRM1,0.3675696171478977
C19orf25,0.36762665056545485
U2AF1,0.3677407339362049
SMARCD2,0.3679119003295612
CIR1,0.36796896681677893
OGFRL1,0.3683685865332399
TAF7,0.3683685865332399
NIPA2,0.3683685865332399
NSF,0.3687113326221382
C12orf5,0.3688256253961528
HIATL1,0.36905427705469185
ZC3H7A,0.36905427705469185
GABARAPL1,0.36939741980354446
MED13L,0.369855251913083
TMEM251,0.3699697650129814
RSL1D1,0.370027029823099
CSTA,0.3703134364701881
LY6E,0.37037073431799783
APEX2,0.3705426608958692
SAMD8,0.37065730614184655
PRKCA,0.37094401559504175
NUDT16L1,0.3710013739997595
GIT2,0.3710013739997595
VMP1,0.3711734822397007
SDHAF2,0.37151784732373117
UQCC2,0.3718624105227333
AIG1,0.37191985698172303
PRKCB,0.3720347664063465
TRRAP,0.3720347664063465
IL8,0.3721496978389336
TMEM50A,0.3727822140623379
UBE3C,0.372954833999399
NGLY1,0.3730699414567882
LUC7L,0.37312750343487744
KIAA0226L,0.3731850709123805
TSPYL4,0.37330022236508065
CDC40,0.37341539581379024
INPP4B,0.37341539581379024
ITGA5,0.3741068983604896
HIVEP3,0.3743375751273341
LIMS1,0.37445294649035754
CS,0.37456833983828886
LARP1,0.3749146517802938
HECTD1,0.3749146517802938
XIAP,0.375145636312198
PSMA6,0.375145636312198
SUPT16H,0.3752033961818654
VCAN,0.37595477442545255
HSPBP1,0.37595477442545255
PDAP1,0.37601261120364304
PTK2B,0.3760704534742251
GHITM,0.37612830123705443
ABHD16A,0.3761861544919868
SEH1L,0.37630187747758415
RALGAPA2,0.3765333893476588
ADCK2,0.3765333893476588
HERC4,0.37659128104326534
SAMM50,0.376649178229817
ILK,0.376880821882562
ADAM15,0.376880821882562
TMEM50B,0.3771125533787659
KLHL6,0.37746031530906177
CCDC66,0.37757627986405506
C6orf48,0.37763427037430597
CHID1,0.3778082748343019
RC3H2,0.37792430524718734
BICD2,0.37792430524718734
RPLP0,0.3780983920228792
IFT52,0.3780983920228792
CD2AP,0.3781564319225449
MAP7D3,0.3781564319225449
DOCK2,0.37827252818263546
ANXA11,0.37844671372242766
CD27-AS1,0.3786209486382158
DNAJC2,0.37879523292594863
CCAR1,0.37885333865936754
FHL3,0.3789114498779561
TAP1,0.3790276887700381
USP32,0.37931838198013024
SELO,0.37931838198013024
MRPL37,0.3794928637149003
CTCF,0.3796092122891773
RPL22L1,0.3802495214634565
OTUD5,0.38030776428052326
CXorf38,0.38036601257894476
SIKE1,0.38059906058309234
PSD4,0.3807156174692753
MYH9,0.38094879700365203
ALG5,0.38164886161304157
TRIB1,0.3818823917848222
MAPKAPK5,0.38234971502079707
COX7C,0.3825250515904649
TET2,0.3831683739179641
RAN,0.3833439404169279
SLC7A6,0.3833439404169279
SRRT,0.3835195561741439
YPEL2,0.3835195561741439
CTBP2,0.3837537871334904
USP38,0.38398810564490016
RNPS1,0.3841052977293715
HSBP1,0.38457428489518064
KLHL22,0.38504362212258736
IQGAP1,0.3852784219829819
PNPLA4,0.3852784219829819
EIF2S1,0.3854545792899976
GNGT2,0.3857482841440213
TMED7,0.385924572654482
FAM214B,0.3865713846984341
NFKBIE,0.3868067530109086
MEA1,0.3869244699479575
PIGP,0.3873955562031113
SIGLEC7,0.3878669920037121
TLR10,0.3879849055600323
TRAF6,0.3879849055600323
EFCAB2,0.3880438705281696
CHD2,0.38810284095606096
CYB561D2,0.38822079819041433
VAC14,0.38822079819041433
MARK2,0.38822079819041433
PNN,0.388574800909551
ZRANB2,0.3886338204674268
NIT1,0.38892900012357634
KIAA0100,0.38904711018726656
CPNE3,0.38940157133575604
AFF4,0.38940157133575604
TWF1,0.38951976869970406
WDR48,0.38963798788519455
MZB1,0.3901110828142842
PRKAR2A,0.39070294229009306
EEA1,0.39082137961290675
HNRNPR,0.3916510513563207
CHKB,0.39176966308571315
MYL6B,0.3920069519259499
TMEM183A,0.3921256290338788
SERINC1,0.39224432793173436
NUDT2,0.39230368555142736
PIAS1,0.3927193413931236
FXYD5,0.39295697882522573
PLAC8,0.3930164017959853
P4HB,0.3930758302114694
SFSWAP,0.39319470337587015
RPP38,0.39367041378538137
B9D2,0.39378939581830064
GLB1,0.3940274251903467
BLMH,0.3940274251903467
ADD1,0.3942060043564207
RARS,0.3942060043564207
SCAF11,0.39426554162735816
OASL,0.3943250843391056
ARL2,0.39462287950341146
IFRD2,0.3947420356482153
DDX46,0.39527850752343496
FRAT1,0.39533814270008116
RBMXL1,0.3953977833141328
UBE2J2,0.39545742936539874
USP15,0.3956960679387941
DRG2,0.39587510395023784
ZNF524,0.39635277247015843
PSMC3,0.39641250549083185
RAB5B,0.3965917371558044
EIF2AK1,0.39671125209964664
STT3B,0.3970101345331337
IKZF5,0.39712972553200565
MED29,0.39724933825738784
STK16,0.39736897270772154
HEXDC,0.3977280063928069
ACO2,0.3988062800873643
CD22,0.3991660953898296
INSIG1,0.39964615291473693
GPANK1,0.3997061845124097
SUMO1,0.3997061845124097
VPS51,0.39994636513231563
SLC25A45,0.400607309139417
TRIM27,0.400607309139417
NFKBIZ,0.400787680429206
PEX16,0.40096810049434795
AFF3,0.40144945908348806
DEAF1,0.40181070555502396
MED7,0.4019311643757665
JMJD4,0.40241321626592375
LRRC26,0.40277498257474875
SCT,0.40277498257474875
EXOSC2,0.4030162683705817
DDX41,0.4031972895427006
SLC15A3,0.40361986166097863
FAM53C,0.4036802507471825
HSPB11,0.4037406452429403
NAA20,0.4041635581630604
RBM18,0.40476817912813656
MRPS14,0.4050706923393841
P2RY6,0.4051312111965234
RNASEK,0.4053128001938764
PI4KB,0.40537334066759245
TNFSF10,0.405554994509536
TMEM87A,0.4056761240860156
FAM110A,0.40603964246941615
ARMC8,0.40622147458080216
RPL22,0.40634272299172414
SLC35E1,0.40652463610877454
CHTF8,0.40664593851805686
SLC1A5,0.4067672625236445
MT-ND3,0.40719206658896534
RPS6KB1,0.4073742064351865
PSMG1,0.40743493051046786
MPHOSPH8,0.40743493051046786
ADAP1,0.4074956599819882
IL1R2,0.4074956599819882
SLC33A1,0.4074956599819882
ZFAS1,0.4074956599819882
PIN1,0.40773863182606973
NEDD8,0.4078601501198351
BCAP31,0.4080424680201884
IL15,0.4082248344668967
PDS5A,0.4082248344668967
AGPAT3,0.40828563406951457
BATF3,0.40834643906528834
SNHG7,0.4084072494539964
ADPRHL2,0.4087722250254604
SH3KBP1,0.40889392668270264
TIFAB,0.40913739468664123
SREK1,0.4096855129913072
MAZ,0.4096855129913072
STAT5A,0.4096855129913072
ECI1,0.4098073763330917
POLE3,0.4098073763330917
CAMLG,0.4098073763330917
SPCS2,0.4099292612251978
CIDEB,0.4099292612251978
AXL,0.41023406772630266
AC009005.2,0.41023406772630266
GUK1,0.41151572507982825
TAF15,0.4116379114864207
FIG4,0.4117601194160976
NUFIP2,0.4120045998373659
IDO1,0.41224916632893216
CRIP3,0.4127385574639679
G3BP1,0.412799755553083
PRMT2,0.41298338207785046
MGST3,0.4130446016711399
DDX3X,0.4131670569838757
UBE2G1,0.41347328932410055
AHCY,0.41353455191457567
C19orf24,0.4135958198786498
UBE4A,0.4135958198786498
TCEB1,0.41377965601012767
NSMCE4A,0.4138409454662588
CYB5B,0.4142087950158482
RING1,0.4145768379221616
KARS,0.4147609318681932
ACADS,0.41494507413430615
MAPKAP1,0.41574358216337115
ZDHHC16,0.41592798202836534
RHOT1,0.41592798202836534
NCSTN,0.4160509420939873
IL17RA,0.4161124301727681
HNRNPH2,0.41641995101678286
CELF1,0.4164814712739279
PNP,0.4169738263507783
ZNF428,0.4175281358682794
TMED1,0.4177130021621639
CCDC146,0.41777463497521106
SNRPA1,0.418082879392629
ILKAP,0.4181445443448416
FAM175B,0.4185146465186925
RSRC2,0.41882321223975205
CMTR1,0.4190084159100631
KLF9,0.4191319117851997
UTF1,0.4193171957353671
VPS37B,0.4196261093357413
KHSRP,0.4196261093357413
RP5-940J5.9,0.419749712225983
BCL6,0.41987333651330183
FAM20C,0.42005881305945403
DST,0.42005881305945403
DNAJB11,0.4202443377378452
ACOT9,0.4203680475935846
TM2D1,0.4204917788364452
RPS7,0.4205536524774215
DNAJC1,0.4206774157972166
SLAMF7,0.42111075578754986
MRRF,0.4213584962077266
CBX8,0.4216063221121855
DHRS9,0.4217302671159776
MAP2K4,0.4217302671159776
SARS,0.4219782212165808
TBCC,0.4223503125696434
LRRFIP2,0.4225364303222995
NAV1,0.42272259611654817
MCUR1,0.4228467333324224
AGPAT2,0.42297089189501513
NINJ2,0.4234677395716432
LRRC8C,0.42359200483711323
HOOK3,0.4237784427367064
B4GALT4,0.4238405993692448
UBXN4,0.4239027613343578
YPEL3,0.42408927922256445
SETD3,0.4244002489969738
ZNF586,0.4244624589436381
AIM1,0.424586894826677
SRGAP3,0.4246491207625328
LINS,0.4246491207625328
SASH3,0.4246491207625328
SYNCRIP,0.42471135202760046
TOR1A,0.4249603303747922
DGKD,0.4249603303747922
MAN1A1,0.42514712007916977
FCHSD2,0.42520939396857016
NOL11,0.42533395772771765
ADCK1,0.42539624759694283
CRBN,0.42552084331338935
HDAC10,0.4258947582678584
MS4A7,0.4260817876225036
SNAI3,0.4260817876225036
TBC1D7,0.42620650047538267
PRMT7,0.42620650047538267
ACSL3,0.42645599005114665
GTF2H5,0.42651837574980156
TMEM5,0.42695522462361746
CUEDC1,0.4272049695864818
CYB5D2,0.42770471478058325
MTMR9,0.42770471478058325
RRAGA,0.42782970424760325
ELP6,0.42789220695492114
ROBO3,0.42795471497775484
ALCAM,0.42795471497775484
S100PBP,0.42845497048689807
NFKB2,0.42851752633733187
RANBP2,0.42858008750060295
NDUFA7-1,0.42870522576458137
CLASP2,0.42883038527668216
TCEA2,0.4293312357632052
NHLRC3,0.4294565014835696
ATXN7L1,0.429832426046992
VPS4A,0.4299577766950101
NAAA,0.4302085416683197
ITGAV,0.43027124617615786
SLC35A1,0.4303339559892555
BRIX1,0.4303339559892555
SPG7,0.4305221172573762
PLB1,0.4305221172573762
FAM134A,0.43058484828878263
NOP16,0.4308358254506143
GSR,0.43096134584942225
CIAO1,0.4312124502718576
PTOV1,0.4312124502718576
ANAPC5,0.4313380342910923
MOB3B,0.431589265934596
RAE1,0.4318405823701189
PSME3,0.43196627237936913
WASF2,0.4320291253308992
ASAP1,0.4323434695465289
TFPT,0.4323434695465289
NREP,0.4323434695465289
BRD3,0.4323434695465289
RBM33,0.43240635427931096
BAG5,0.43347620478302207
RMND5A,0.43347620478302207
DEGS1,0.4336021701068399
SRD5A3,0.4336651607047952
NFKBID,0.4338541642394813
NOP58,0.4344214604451625
ASB2,0.4344214604451625
MEF2D,0.4344845197953998
XRN1,0.43461065435558677
DCTN1,0.43473681006017284
TMEM41A,0.43473681006017284
DEF8,0.4348629869068953
PRPF6,0.43505229181352945
ARMCX1,0.43505229181352945
SMIM11,0.4351154040176872
PHTF2,0.4351154040176872
KDM1B,0.43536790566981476
RFC1,0.43536790566981476
PPID,0.4358731625252995
C14orf159,0.4358731625252995
CPSF3L,0.4361259176921751
EIF1AD,0.4362523269523978
RFX5,0.4366316814127099
SOGA1,0.4366316814127099
POLR3GL,0.4367581751183782
WRB,0.4367581751183782
IBTK,0.4367581751183782
TGFB1,0.43694795524919416
NSMAF,0.4370112258442652
TAB2,0.43713778285987726
ZNF133,0.4373909601849044
LEPROT,0.4373909601849044
CISD2,0.4375175804896986
NDEL1,0.4377708843722793
PSMD6,0.4377708843722793
N4BP2L1,0.4377708843722793
TXNDC12,0.4378342235231083
EPB41L2,0.4380242726033968
FLAD1,0.4383411264791215
DGKZ,0.4386581120840449
MAEA,0.4386581120840449
GLRX5,0.43878494320202743
CETN2,0.4389752293817135
GEMIN7,0.43903866864116226
BDH2,0.43903866864116226
SNX22,0.439419414772663
OSBPL9,0.4394828908876437
SMARCA2,0.43954637226652626
ANTXR2,0.43967335081482106
KRIT1,0.43980035041519405
TRIM14,0.43980035041519405
DHRSX,0.44005441276274926
EPN1,0.4403085592903182
UFL1,0.44043566411569957
COX11,0.44056278997899
AGPAT1,0.44068993687781954
UPF3A,0.44138962072552756
ATP2B4,0.44145325988412265
RAB6A,0.4416442088870435
ORC4,0.4417078690627335
CLINT1,0.4419625622977703
BRMS1,0.4424722008604717
TOB2,0.4424722008604717
YWHAZ,0.4427271461497181
RNF44,0.4431097215392872
TRUB2,0.4431097215392872
PRKCE,0.44323728864767675
TNS3,0.44323728864767675
LMO4,0.44323728864767675
FAHD1,0.44336487674130365
TPD52L2,0.44349248581774703
